Workbook

Sheet Menudeo
A1: Winners
A2: Nombre | B2: Kg | C2: Precio
A3: HOUND ADULTO 15 + 3 KG | B3: 18 | C3: {=ROUND(F3:F20+50,0)} -> 540 | E3: {=ROUND(F3:F20+50,0)} -> 540 | F3: 489.72
A4: HOUND CACHORRO 20+5 KG | B4: 25 | C4: 781 | E4: 781 | F4: 731.12
A5: CANNES CACHORRO 20+2 kg | B5: 22 | C5: 549 | E5: 549 | F5: 499.2
A6: CANNES ADULTO 25 kg | B6: 25 | C6: 570 | E6: 570 | F6: 520
A7: ENERGY DOG 25 KG | B7: 25 | C7: 492 | E7: 492 | F7: 442
A8: KAN PLUS 25 KG | B8: 25 | C8: 445 | E8: 445 | F8: 395.2
A9: ESENCIAL 25 KG | B9: 25 | C9: 446 | E9: 446 | F9: 396.24
A10: SIMPLE 20 KG | B10: 20 | C10: 370 | E10: 370 | F10: 320.32
A11: SIMPLE 25 KG | B11: 25 | C11: 416 | E11: 416 | F11: 366.08
A12: WINNERS MANTTO 20 KG | B12: 20 | C12: 289 | E12: 289 | F12: 239.2
A13: WINNERS MANTTO 25 KG | B13: 25 | C13: 350 | E13: 350 | F13: 299.52
A14: CAT LIKE 10 KG | B14: 10 | C14: 388 | E14: 388 | F14: 338
A15: CAT MANTTO 15 KG | B15: 15 | C15: 354 | E15: 354 | F15: 303.68
A16: HOUND ADULTO 10 KG | B16: 10 | C16: 373 | E16: 373 | F16: 323.44 | I16: HOUND ADULTO 10 KG | J16: 10 | K16: =M16+50 -> 50
A17: HOUND ADULTO 4 KG | B17: 4 | C17: 220 | E17: 220 | F17: 169.52 | I17: HOUND ADULTO 4 KG | J17: 4 | K17: =M17+50 -> 50
A18: HOUND CACHORRO 10 KG | B18: 10 | C18: 373 | E18: 373 | F18: 323.44 | I18: HOUND CACHORRO 10 KG | J18: 10 | K18: =M18+50 -> 50
A19: HOUND CACHORRO 4 KG | B19: 4 | C19: 229 | E19: 229 | F19: 178.88 | I19: HOUND CACHORRO 4 KG | J19: 4 | K19: =M19+50 -> 50
A20: CAT LIKE 4 KG | B20: 4 | C20: 264 | E20: 264 | F20: 214.24 | I20: CAT LIKE 4 KG | J20: 4 | K20: =M20+50 -> 50

Sheet Mayoreo
A1: Winners
A2: Nombre | B2: Kg | C2: Precio
A3: =Menudeo!A3 -> HOUND ADULTO 15 + 3 KG | B3: =Menudeo!B3 -> 18 | C3: =F3+35 -> 524.72 | F3: =Menudeo!F3 -> 489.72
A4: =Menudeo!A4 -> HOUND CACHORRO 20+5 KG | B4: =Menudeo!B4 -> 25 | C4: =F4+35 -> 766.12 | F4: =Menudeo!F4 -> 731.12
A5: =Menudeo!A5 -> CANNES CACHORRO 20+2 kg | B5: =Menudeo!B5 -> 22 | C5: =F5+35 -> 534.2 | F5: =Menudeo!F5 -> 499.2
A6: =Menudeo!A6 -> CANNES ADULTO 25 kg | B6: =Menudeo!B6 -> 25 | C6: =F6+35 -> 555 | F6: =Menudeo!F6 -> 520
A7: =Menudeo!A7 -> ENERGY DOG 25 KG | B7: =Menudeo!B7 -> 25 | C7: =F7+35 -> 477 | F7: =Menudeo!F7 -> 442
A8: =Menudeo!A8 -> KAN PLUS 25 KG | B8: =Menudeo!B8 -> 25 | C8: =F8+35 -> 430.2 | F8: =Menudeo!F8 -> 395.2
A9: =Menudeo!A9 -> ESENCIAL 25 KG | B9: =Menudeo!B9 -> 25 | C9: =F9+35 -> 431.24 | F9: =Menudeo!F9 -> 396.24
A10: =Menudeo!A10 -> SIMPLE 20 KG | B10: =Menudeo!B10 -> 20 | C10: =F10+35 -> 355.32 | F10: =Menudeo!F10 -> 320.32
A11: =Menudeo!A11 -> SIMPLE 25 KG | B11: =Menudeo!B11 -> 25 | C11: =F11+35 -> 401.08 | F11: =Menudeo!F11 -> 366.08
A12: =Menudeo!A12 -> WINNERS MANTTO 20 KG | B12: =Menudeo!B12 -> 20 | C12: =F12+35 -> 274.2 | F12: =Menudeo!F12 -> 239.2
A13: =Menudeo!A13 -> WINNERS MANTTO 25 KG | B13: =Menudeo!B13 -> 25 | C13: =F13+35 -> 334.52 | F13: =Menudeo!F13 -> 299.52
A14: =Menudeo!A14 -> CAT LIKE 10 KG | B14: =Menudeo!B14 -> 10 | C14: =F14+35 -> 373 | F14: =Menudeo!F14 -> 338
A15: =Menudeo!A15 -> CAT MANTTO 15 KG | B15: =Menudeo!B15 -> 15 | C15: =F15+35 -> 338.68 | F15: =Menudeo!F15 -> 303.68
A16: =Menudeo!A16 -> HOUND ADULTO 10 KG | B16: =Menudeo!B16 -> 10 | C16: =F16+35 -> 358.44 | F16: =Menudeo!F16 -> 323.44 | I16: HOUND ADULTO 10 KG | J16: 10 | K16: =M16+50 -> 50
A17: =Menudeo!A17 -> HOUND ADULTO 4 KG | B17: =Menudeo!B17 -> 4 | C17: =F17+35 -> 204.52 | F17: =Menudeo!F17 -> 169.52 | I17: HOUND ADULTO 4 KG | J17: 4 | K17: =M17+50 -> 50
A18: =Menudeo!A18 -> HOUND CACHORRO 10 KG | B18: =Menudeo!B18 -> 10 | C18: =F18+35 -> 358.44 | F18: =Menudeo!F18 -> 323.44 | I18: HOUND CACHORRO 10 KG | J18: 10 | K18: =M18+50 -> 50
A19: =Menudeo!A19 -> HOUND CACHORRO 4 KG | B19: =Menudeo!B19 -> 4 | C19: =F19+35 -> 213.88 | F19: =Menudeo!F19 -> 178.88 | I19: HOUND CACHORRO 4 KG | J19: 4 | K19: =M19+50 -> 50
A20: =Menudeo!A20 -> CAT LIKE 4 KG | B20: =Menudeo!B20 -> 4 | C20: =F20+35 -> 249.24 | F20: =Menudeo!F20 -> 214.24 | I20: CAT LIKE 4 KG | J20: 4 | K20: =M20+50 -> 50

Sheet Pedidos
B1: Winners
B2: Cant. | C2: Nombre | D2: Kg | E2: Precio | F2: Importe
C3: HOUND ADULTO 15 + 3 KG | D3: 18 | E3: =H3+25 -> 514.72 | F3: =E3*B3 -> 0 | H3: =Menudeo!F3 -> 489.72 | I3: 475
B4: 1 | C4: HOUND CACHORRO 20+5 KG | D4: 25 | E4: =H4+25 -> 756.12 | F4: =E4*B4 -> 756.12 | H4: =Menudeo!F4 -> 731.12 | I4: 703
B5: 3 | C5: CANNES CACHORRO 20+2 kg | D5: 22 | E5: =H5+25 -> 524.2 | F5: =E5*B5 -> 1572.6 | H5: =Menudeo!F5 -> 499.2 | I5: 480
B6: 2 | C6: CANNES ADULTO 25 kg | D6: 25 | E6: =H6+25 -> 545 | F6: =E6*B6 -> 1090 | H6: =Menudeo!F6 -> 520 | I6: 500
B7: 3 | C7: ENERGY DOG 25 KG | D7: 25 | E7: =H7+25 -> 467 | F7: =E7*B7 -> 1401 | H7: =Menudeo!F7 -> 442 | I7: 425
B8: 2 | C8: KAN PLUS 25 KG | D8: 25 | E8: =H8+25 -> 420.2 | F8: =E8*B8 -> 840.4 | H8: =Menudeo!F8 -> 395.2 | I8: 380
B9: 2 | C9: ESENCIAL 25 KG | D9: 25 | E9: =H9+25 -> 421.24 | F9: =E9*B9 -> 842.48 | H9: =Menudeo!F9 -> 396.24 | I9: 381
C10: SIMPLE 20 KG | D10: 20 | E10: =H10+25 -> 345.32 | F10: =E10*B10 -> 0 | H10: =Menudeo!F10 -> 320.32 | I10: 308
C11: SIMPLE 25 KG | D11: 25 | E11: =H11+25 -> 391.08 | F11: =E11*B11 -> 0 | H11: =Menudeo!F11 -> 366.08 | I11: 352
C12: WINNERS MANTTO 20 KG | D12: 20 | E12: =H12+25 -> 264.2 | F12: =E12*B12 -> 0 | H12: =Menudeo!F12 -> 239.2 | I12: 230
C13: WINNERS MANTTO 25 KG | D13: 25 | E13: =H13+25 -> 324.52 | F13: =E13*B13 -> 0 | H13: =Menudeo!F13 -> 299.52 | I13: 288
B14: 2 | C14: CAT LIKE 10 KG | D14: 10 | E14: =H14+25 -> 363 | F14: =E14*B14 -> 726 | H14: =Menudeo!F14 -> 338 | I14: 325
C15: CAT MANTTO 15 KG | D15: 15 | E15: =H15+25 -> 328.68 | F15: =E15*B15 -> 0 | H15: =Menudeo!F15 -> 303.68 | I15: 292
C16: HOUND ADULTO 4 KG | D16: 4 | E16: =H16+25 -> 194.52 | F16: =E16*B16 -> 0 | H16: =Menudeo!F17 -> 169.52 | I16: 163
C17: HOUND CACHORRO 4 KG | D17: 4 | E17: =H17+25 -> 203.88 | F17: =E17*B17 -> 0 | H17: =Menudeo!F19 -> 178.88 | I17: 172
C18: CAT LIKE 4 KG | D18: 4 | E18: =H18+25 -> 239.24 | F18: =E18*B18 -> 0 | H18: =Menudeo!F20 -> 214.24 | I18: 206
D19: Total | F19: =SUM(F3:F15) -> 7228.6
L20: HOUND ADULTO 10 KG | M20: 10 | N20: =Q20+25 -> 25 | O20: =N20*K20 -> 0 | Q20: =Menudeo!O22 -> 0 | R20: 311
L21: HOUND CACHORRO 10 KG | M21: 10 | N21: =Q21+25 -> 25 | O21: =N21*K21 -> 0 | Q21: =Menudeo!O23 -> 0 | R21: 311

Sheet Empresa
B1: Winners
B2: Cant. | C2: Nombre | D2: Kg | E2: Precio | F2: Importe
B3: 30 | C3: HOUND ADULTO 15 + 3 KG | D3: 18 | E3: =H3 -> 489.72 | F3: =E3*B3 -> 14691.6 | H3: =Menudeo!F3 -> 489.72
B4: 30 | C4: HOUND CACHORRO 20+5 KG | D4: 25 | E4: =H4 -> 731.12 | F4: =E4*B4 -> 21933.6 | H4: =Menudeo!F4 -> 731.12
B5: 6 | C5: CANNES CACHORRO 20+2 kg | D5: 22 | E5: =H5 -> 499.2 | F5: =E5*B5 -> 2995.2 | H5: =Menudeo!F5 -> 499.2
B6: 6 | C6: CANNES ADULTO 25 kg | D6: 25 | E6: =H6 -> 520 | F6: =E6*B6 -> 3120 | H6: =Menudeo!F6 -> 520
B7: 20 | C7: ENERGY DOG 25 KG | D7: 25 | E7: =H7 -> 442 | F7: =E7*B7 -> 8840 | H7: =Menudeo!F7 -> 442
B8: 15 | C8: KAN PLUS 25 KG | D8: 25 | E8: =H8 -> 395.2 | F8: =E8*B8 -> 5928 | H8: =Menudeo!F8 -> 395.2
C9: ESENCIAL 25 KG | D9: 25 | E9: =H9 -> 396.24 | F9: =E9*B9 -> 0 | H9: =Menudeo!F9 -> 396.24
C10: SIMPLE 20 KG | D10: 20 | E10: =H10 -> 320.32 | F10: =E10*B10 -> 0 | H10: =Menudeo!F10 -> 320.32
C11: SIMPLE 25 KG | D11: 25 | E11: =H11 -> 366.08 | F11: =E11*B11 -> 0 | H11: =Menudeo!F11 -> 366.08
C12: WINNERS MANTTO 20 KG | D12: 20 | E12: =H12 -> 239.2 | F12: =E12*B12 -> 0 | H12: =Menudeo!F12 -> 239.2
C13: WINNERS MANTTO 25 KG | D13: 25 | E13: =H13 -> 299.52 | F13: =E13*B13 -> 0 | H13: =Menudeo!F13 -> 299.52
B14: 35 | C14: CAT LIKE 10 KG | D14: 10 | E14: =H14 -> 338 | F14: =E14*B14 -> 11830 | H14: =Menudeo!F14 -> 338
B15: 10 | C15: CAT MANTTO 15 KG | D15: 15 | E15: =H15 -> 303.68 | F15: =E15*B15 -> 3036.8 | H15: =Menudeo!F15 -> 303.68
C16: HOUND ADULTO 10 KG | D16: 10 | E16: =H16 -> 323.44 | F16: =E16*B16 -> 0 | H16: =Menudeo!F16 -> 323.44
B17: 5 | C17: HOUND ADULTO 4 KG | D17: 4 | E17: =H17 -> 169.52 | F17: =E17*B17 -> 847.6 | H17: =Menudeo!F17 -> 169.52
C18: HOUND CACHORRO 10 KG | D18: 10 | E18: =H18 -> 323.44 | F18: =E18*B18 -> 0 | H18: =Menudeo!F18 -> 323.44
B19: 5 | C19: HOUND CACHORRO 4 KG | D19: 4 | E19: =H19 -> 178.88 | F19: =E19*B19 -> 894.4 | H19: =Menudeo!F19 -> 178.88
B20: 5 | C20: CAT LIKE 4 KG | D20: 4 | E20: =H20 -> 214.24 | F20: =E20*B20 -> 1071.2 | H20: =Menudeo!F20 -> 214.24
D21: Total | F21: =SUM(F3:F15) -> 72375.2 | K21: HOUND ADULTO 10 KG | L21: 10 | M21: =O21+50 -> 50
D22: KG | F22: =SUMPRODUCT(B3:B20, D3:D20) -> 3007 | K22: HOUND ADULTO 4 KG | L22: 4 | M22: =O22+50 -> 50
K23: HOUND CACHORRO 10 KG | L23: 10 | M23: =O23+50 -> 50
K24: HOUND CACHORRO 4 KG | L24: 4 | M24: =O24+50 -> 50
K25: CAT LIKE 4 KG | L25: 4 | M25: =O25+50 -> 50
